{
  "project_info": {
    "project_number": "307357040667",
    "project_id": "withu-login-page",
    "storage_bucket": "withu-login-page.appspot.com"
  },
  "client": [
    {
      "client_info": {
        "mobilesdk_app_id": "1:307357040667:android:c3b838e5bffe696d27b8be",
        "android_client_info": {
          "package_name": "com.example.withu_application"
        }
      },
      "oauth_client": [
        {
          "client_id": "307357040667-biba4nr2mk2972fiu9ed4uup7l0dr2jm.apps.googleusercontent.com",
          "client_type": 3
        }
      ],
      "api_key": [
        {
          "current_key": "AIzaSyCXfUTd6wNm0E31ljJIlOJx6-u5Yznswbo"
        }
      ],
      "services": {
        "appinvite_service": {
          "other_platform_oauth_client": [
            {
              "client_id": "307357040667-biba4nr2mk2972fiu9ed4uup7l0dr2jm.apps.googleusercontent.com",
              "client_type": 3
            }
          ]
        }
      }
    },
    {
      "client_info": {
        "mobilesdk_app_id": "1:307357040667:android:fd75393c3e69d2d027b8be",
        "android_client_info": {
          "package_name": "com.example.withu_iot"
        }
      },
      "oauth_client": [
        {
          "client_id": "307357040667-biba4nr2mk2972fiu9ed4uup7l0dr2jm.apps.googleusercontent.com",
          "client_type": 3
        }
      ],
      "api_key": [
        {
          "current_key": "AIzaSyCXfUTd6wNm0E31ljJIlOJx6-u5Yznswbo"
        }
      ],
      "services": {
        "appinvite_service": {
          "other_platform_oauth_client": [
            {
              "client_id": "307357040667-biba4nr2mk2972fiu9ed4uup7l0dr2jm.apps.googleusercontent.com",
              "client_type": 3
            }
          ]
        }
      }
    }
  ],
  "configuration_version": "1"
}